,Player,POS,year,1,2,3,4,5,6,7
0,Aaron Rodgers,QB,2018,27.8,18.9,22.6,22.0,35.1,32.7,0.0
1,Alex Smith,QB,2018,22.2,16.0,21.0,0.0,20.5,17.5,14.5
2,Andrew Luck,QB,2018,24.7,17.2,15.5,40.3,30.3,31.8,24.3
3,Andy Dalton,QB,2018,21.0,29.3,25.6,30.2,17.4,19.5,11.4
4,Baker Mayfield,QB,2018,0.0,0.0,9.9,23.8,23.4,16.7,23.1
5,Ben Roethlisberger,QB,2018,22.4,41.5,29.6,17.6,26.1,22.4,0.0
6,Blaine Gabbert,QB,2018,5.9,10.1,0.4,0.0,0.0,0.0,0.0
7,Blake Bortles,QB,2018,17.0,38.4,10.5,30.2,34.9,13.7,6.1
8,Brian Hoyer,QB,2018,0.0,0.0,0.0,-0.3,0.0,0.0,0.0
9,Brock Osweiler,QB,2018,0.0,0.0,0.0,6.5,0.0,31.8,20.2
10,C.J. Beathard,QB,2018,0.0,0.0,0.0,24.8,32.2,22.4,13.8
11,Cam Newton,QB,2018,19.9,33.0,31.1,0.0,22.8,26.1,26.4
12,Carson Wentz,QB,2018,0.0,0.0,17.8,26.2,26.2,27.3,23.8
13,Case Keenum,QB,2018,28.5,18.7,9.6,12.3,26.9,24.7,12.5
14,Chad Kelly,QB,2018,0.0,0.0,0.0,0.0,0.0,-0.1,0.0
15,Chase Daniel,QB,2018,0.0,0.0,0.0,-0.2,0.0,0.0,0.0
16,Cody Kessler,QB,2018,0.0,0.0,0.0,0.0,0.0,0.0,12.6
17,Dak Prescott,QB,2018,10.4,16.5,14.5,21.0,17.8,31.4,27.0
18,DeShone Kizer,QB,2018,2.8,0.0,0.0,0.0,0.0,0.0,0.0
19,Derek Anderson,QB,2018,0.0,0.0,0.0,0.0,0.0,0.0,8.8
20,Derek Carr,QB,2018,15.3,18.4,21.1,38.0,17.9,10.2,0.0
21,Deshaun Watson,QB,2018,16.8,27.9,30.9,36.9,26.8,13.1,12.3
22,Drew Brees,QB,2018,34.0,20.1,44.5,10.8,30.3,0.0,18.9
23,Eli Manning,QB,2018,11.4,18.4,22.8,17.3,24.5,14.1,0.0
24,Geno Smith,QB,2018,0.0,-0.1,0.0,0.0,0.0,0.2,0.0
25,Jacoby Brissett,QB,2018,0.0,0.0,0.0,0.0,0.0,0.0,-0.4
26,Jameis Winston,QB,2018,0.0,0.0,0.0,12.0,0.0,38.9,29.8
27,Jared Goff,QB,2018,19.6,21.9,31.1,44.0,21.6,11.5,18.5
28,Jeff Driskel,QB,2018,0.0,0.0,0.0,0.0,0.0,0.0,2.5
29,Jimmy Garoppolo,QB,2018,17.7,18.7,22.9,0.0,0.0,0.0,0.0
30,Joe Flacco,QB,2018,24.1,27.6,18.1,25.9,16.2,16.3,22.4
31,Josh Allen,QB,2018,6.3,19.5,29.7,9.5,12.0,6.2,0.0
32,Josh Rosen,QB,2018,0.0,0.0,3.0,14.3,12.2,12.0,15.1
33,Joshua Dobbs,QB,2018,0.0,0.0,0.0,0.0,-0.3,0.0,0.0
34,Kirk Cousins,QB,2018,22.8,37.8,19.0,35.9,19.2,23.1,20.0
35,Lamar Jackson,QB,2018,5.1,0.6,0.0,1.7,1.0,2.2,7.2
36,Marcus Mariota,QB,2018,6.7,0.0,10.1,35.8,7.5,8.4,19.7
37,Matt Cassel,QB,2018,0.6,0.0,0.0,0.0,0.0,0.0,0.0
38,Matt Ryan,QB,2018,13.4,35.4,39.9,33.5,19.3,31.0,0.0
39,Matt Schaub,QB,2018,0.0,0.0,0.0,0.0,1.0,0.0,0.0
40,Matthew Stafford,QB,2018,18.9,30.2,22.1,23.9,17.1,0.0,19.8
41,Mitchell Trubisky,QB,2018,17.8,20.4,11.8,47.0,0.0,32.5,38.8
42,Nathan Peterman,QB,2018,1.3,0.0,0.0,0.0,0.0,7.3,0.0
43,Nick Foles,QB,2018,5.8,21.5,0.0,0.0,0.0,0.0,0.0
44,Patrick Mahomes,QB,2018,30.9,42.1,28.4,25.9,23.0,34.5,38.4
45,Philip Rivers,QB,2018,33.2,25.3,19.3,24.2,24.8,18.4,23.2
46,Russell Wilson,QB,2018,27.4,21.0,17.5,10.7,21.9,25.1,0.0
47,Ryan Fitzpatrick,QB,2018,46.5,36.0,35.3,6.3,0.0,0.0,0.0
48,Ryan Tannehill,QB,2018,19.9,20.8,29.1,5.0,15.0,0.0,0.0
49,Sam Bradford,QB,2018,8.4,4.5,15.9,0.0,0.0,0.0,0.0
50,Sam Darnold,QB,2018,17.8,20.8,8.5,13.2,22.4,22.8,22.1
51,Sean Mannion,QB,2018,0.0,0.0,0.0,0.0,0.0,0.0,0.1
52,Taysom Hill,QB,2018,0.0,0.0,3.9,3.3,8.3,0.0,3.5
53,Teddy Bridgewater,QB,2018,0.0,0.0,0.0,0.0,-0.3,0.0,0.0
54,Tom Brady,QB,2018,26.1,20.7,10.9,25.7,35.0,27.2,26.5
55,Tyrod Taylor,QB,2018,27.6,18.9,3.2,0.0,0.0,0.0,0.0
0,Aaron Jones,RB,2018,0.0,0.0,5.7,15.2,7.9,4.1,0.0
1,Adrian Peterson,RB,2018,24.6,8.0,24.0,0.0,6.2,9.7,11.7
2,Alex Armah,RB,2018,6.1,0.0,0.0,0.0,0.0,0.0,0.0
3,Alex Collins,RB,2018,8.9,12.0,16.4,11.5,7.6,17.4,7.8
4,Alfred Blue,RB,2018,9.6,0.0,0.0,0.0,19.9,6.3,0.0
5,Alfred Morris,RB,2018,0.0,10.0,12.7,0.0,12.1,0.0,0.0
6,Alvin Kamara,RB,2018,41.1,15.9,34.0,41.1,6.9,0.0,15.5
7,Andy Janovich,RB,2018,0.0,0.0,0.0,4.2,0.0,0.0,0.0
8,Anthony Sherman,RB,2018,10.6,0.0,0.0,0.0,0.0,0.0,0.0
9,Austin Ekeler,RB,2018,23.6,12.8,10.1,13.6,12.9,6.0,11.8
10,Bilal Powell,RB,2018,7.5,19.0,7.3,9.2,9.9,5.9,3.5
11,C.J. Anderson,RB,2018,0.0,0.0,10.3,0.0,0.0,0.0,0.0
12,C.J. Ham,RB,2018,0.0,0.0,9.7,0.0,0.0,0.0,0.0
13,C.J. Prosise,RB,2018,0.0,5.2,0.0,0.0,0.0,0.0,0.0
14,Carlos Hyde,RB,2018,13.5,12.0,24.3,14.2,9.7,0.0,0.0
15,Chase Edmonds,RB,2018,8.8,7.0,0.0,0.0,0.0,0.0,5.1
16,Chris Carson,RB,2018,10.9,0.0,20.4,0.0,13.7,5.9,0.0
17,Chris Ivory,RB,2018,0.0,10.7,15.6,0.0,0.0,0.0,13.6
18,Chris Thompson,RB,2018,24.8,22.3,0.0,0.0,12.2,0.0,0.0
19,Christian McCaffrey,RB,2018,15.5,27.9,21.4,0.0,20.3,13.6,14.0
20,Corey Clement,RB,2018,0.0,19.5,10.5,0.0,0.0,15.9,4.2
21,Corey Grant,RB,2018,0.0,12.9,0.0,3.7,0.0,0.0,0.0
22,Dalvin Cook,RB,2018,15.5,12.0,0.0,0.0,0.0,0.0,0.0
23,Darren Sproles,RB,2018,7.2,0.0,0.0,0.0,0.0,0.0,0.0
24,David Johnson,RB,2018,17.7,6.1,16.1,20.2,21.1,15.0,10.0
25,Derrick Henry,RB,2018,0.0,5.6,5.7,5.1,5.6,0.0,14.5
26,Devonta Freeman,RB,2018,8.0,0.0,0.0,0.0,6.1,0.0,0.0
27,Devontae Booker,RB,2018,0.0,0.0,9.4,0.0,10.9,4.9,0.0
28,Dion Lewis,RB,2018,22.0,5.3,7.0,15.6,7.8,0.0,21.5
29,Duke Johnson,RB,2018,0.0,0.0,5.3,9.6,5.2,14.9,5.9
30,Ezekiel Elliott,RB,2018,17.6,19.7,16.8,34.0,15.4,18.7,6.2
31,Frank Gore,RB,2018,0.0,5.4,0.0,13.7,6.3,12.9,4.3
32,Giovani Bernard,RB,2018,0.0,8.2,19.6,25.6,0.0,0.0,0.0
33,Gus Edwards,RB,2018,0.0,0.0,0.0,0.0,0.0,4.2,0.0
34,Isaiah Crowell,RB,2018,22.2,5.9,19.1,0.0,30.1,7.2,6.0
35,Ito Smith,RB,2018,0.0,6.4,6.5,13.8,8.0,10.1,0.0
36,Jacquizz Rodgers,RB,2018,0.0,6.6,0.0,0.0,0.0,0.0,2.9
37,Jalen Richard,RB,2018,16.9,0.0,11.9,6.6,11.7,12.1,0.0
38,Jamaal Williams,RB,2018,0.0,10.1,6.5,0.0,7.2,4.9,0.0
39,James Conner,RB,2018,36.2,17.5,14.5,7.4,34.5,28.9,0.0
40,James Develin,RB,2018,6.2,0.0,0.0,0.0,0.0,0.0,0.0
41,James White,RB,2018,15.6,15.4,14.1,31.2,23.7,14.2,29.7
42,Javorius Allen,RB,2018,14.2,15.4,17.6,6.7,13.8,4.9,5.4
43,Jay Ajayi,RB,2018,18.2,9.7,0.0,11.1,0.0,0.0,0.0
44,Joe Mixon,RB,2018,25.9,9.7,0.0,0.0,20.5,18.4,8.1
45,Jordan Howard,RB,2018,15.7,9.8,16.1,0.0,0.0,6.9,11.8
46,Jordan Wilkins,RB,2018,9.1,8.4,0.0,0.0,6.8,0.0,6.4
47,Kapri Bibbs,RB,2018,0.0,0.0,0.0,0.0,6.9,0.0,15.6
48,Kareem Hunt,RB,2018,0.0,15.0,16.4,26.5,16.4,29.5,37.1
49,Kenjon Barner,RB,2018,0.0,0.0,0.0,0.0,0.0,0.0,3.6
50,Kenneth Dixon,RB,2018,10.4,0.0,0.0,0.0,0.0,0.0,0.0
51,Kenyan Drake,RB,2018,9.6,17.0,0.0,0.0,24.5,11.8,18.7
52,Kerryon Johnson,RB,2018,6.7,11.6,13.0,12.6,10.5,0.0,19.9
53,Kyle Juszczyk,RB,2018,6.6,0.0,11.8,3.5,14.7,6.0,3.3
54,Lamar Miller,RB,2018,11.9,9.0,16.1,4.9,0.0,9.1,16.9
55,Latavius Murray,RB,2018,0.0,0.0,8.1,3.8,7.6,22.8,22.3
56,LeGarrette Blount,RB,2018,0.0,0.0,8.5,0.0,14.2,0.0,11.0
57,LeSean McCoy,RB,2018,0.0,10.8,0.0,6.7,12.8,12.4,0.0
58,Leonard Fournette,RB,2018,8.5,0.0,0.0,4.5,0.0,0.0,0.0
59,Malcolm Brown,RB,2018,0.0,0.0,0.0,0.0,0.0,0.0,8.1
60,Marcus Murphy,RB,2018,0.0,0.0,0.0,0.0,0.0,0.0,12.0
61,Mark Ingram,RB,2018,0.0,0.0,0.0,0.0,21.3,0.0,6.2
62,Mark Walton,RB,2018,0.0,0.0,0.0,5.7,0.0,0.0,0.0
63,Marlon Mack,RB,2018,0.0,0.0,0.0,0.0,0.0,10.3,29.9
64,Marshawn Lynch,RB,2018,12.9,14.8,17.6,18.7,6.1,8.9,0.0
65,Matt Breida,RB,2018,6.1,24.9,14.7,10.1,13.1,12.1,0.0
66,Melvin Gordon,RB,2018,25.6,30.6,16.4,28.9,22.0,35.0,0.0
67,Mike Davis,RB,2018,0.0,0.0,0.0,28.4,15.5,3.6,0.0
68,Nick Chubb,RB,2018,0.0,0.0,0.0,22.5,0.0,0.0,14.0
69,Nyheim Hines,RB,2018,12.2,7.5,9.3,28.3,16.0,5.5,5.2
70,Peyton Barber,RB,2018,6.9,0.0,0.0,4.0,0.0,20.6,3.0
71,Phillip Lindsay,RB,2018,18.2,12.1,0.0,15.9,11.1,12.6,16.6
72,Raheem Mostert,RB,2018,0.0,0.0,0.0,0.0,0.0,8.7,11.8
73,Rashaad Penny,RB,2018,8.3,0.0,0.0,4.9,0.0,9.0,0.0
74,Rex Burkhead,RB,2018,7.9,0.0,0.0,0.0,0.0,0.0,0.0
75,Ronald Jones,RB,2018,0.0,0.0,0.0,3.8,0.0,4.9,9.8
76,Royce Freeman,RB,2018,7.1,8.8,12.8,12.7,7.7,0.0,9.7
77,Saquon Barkley,RB,2018,20.8,24.8,22.7,22.0,28.9,37.9,0.0
78,Sony Michel,RB,2018,0.0,5.1,5.9,17.2,18.0,22.6,4.5
79,Spencer Ware,RB,2018,0.0,0.0,0.0,0.0,0.0,0.0,11.9
80,T.J. Yeldon,RB,2018,15.9,9.1,15.0,25.0,26.2,10.0,17.8
81,Tarik Cohen,RB,2018,7.1,0.0,9.8,30.4,0.0,25.1,22.3
82,Tevin Coleman,RB,2018,11.5,16.5,12.7,10.7,0.0,11.1,0.0
83,Theo Riddick,RB,2018,8.5,13.7,6.6,6.7,0.0,0.0,0.0
84,Todd Gurley,RB,2018,23.7,28.3,26.6,25.6,33.3,36.5,30.6
85,Trenton Cannon,RB,2018,0.0,0.0,0.0,0.0,0.0,0.0,11.3
86,Ty Montgomery,RB,2018,0.0,5.0,12.4,9.4,0.0,10.2,0.0
87,Tyler Ervin,RB,2018,0.0,0.0,0.0,0.0,0.0,0.0,2.9
88,Wayne Gallman,RB,2018,0.0,0.0,0.0,5.3,0.0,6.2,0.0
89,Wendell Smallwood,RB,2018,0.0,0.0,18.1,8.4,16.1,6.1,5.7
90,Zach Line,RB,2018,0.0,0.0,8.6,0.0,0.0,0.0,0.0
0,A.J. Green,WR,2018,21.2,29.9,10.8,17.8,17.2,15.5,18.7
1,Adam Humphries,WR,2018,0.0,0.0,0.0,0.0,0.0,11.2,7.7
2,Adam Thielen,WR,2018,16.2,31.1,24.5,27.5,24.6,29.3,26.0
3,Albert Wilson,WR,2018,0.0,13.5,15.4,0.0,0.0,33.0,0.0
4,Aldrick Robinson,WR,2018,0.0,0.0,0.0,17.3,0.0,0.0,10.4
5,Allen Hurns,WR,2018,0.0,0.0,0.0,0.0,0.0,0.0,12.4
6,Allen Robinson,WR,2018,10.1,18.3,0.0,10.3,0.0,17.4,0.0
7,Alshon Jeffery,WR,2018,0.0,0.0,0.0,24.5,0.0,27.4,21.8
8,Amari Cooper,WR,2018,0.0,21.6,0.0,26.8,0.0,0.0,0.0
9,Anthony Miller,WR,2018,0.0,0.0,0.0,0.0,0.0,9.9,0.0
10,Antonio Brown,WR,2018,24.3,15.7,17.0,17.2,28.1,21.5,0.0
11,Antonio Callaway,WR,2018,0.0,17.8,0.0,0.0,0.0,0.0,0.0
12,Brandin Cooks,WR,2018,14.3,22.9,16.0,25.6,0.0,0.0,17.1
13,Brandon Marshall,WR,2018,13.6,0.0,0.0,0.0,0.0,0.0,0.0
14,Bruce Ellington,WR,2018,13.7,0.0,0.0,0.0,0.0,0.0,0.0
15,Calvin Ridley,WR,2018,0.0,16.7,40.5,21.5,0.0,0.0,0.0
16,Cameron Meredith,WR,2018,0.0,0.0,0.0,0.0,12.1,0.0,0.0
17,Chad Williams,WR,2018,0.0,0.0,0.0,0.0,0.0,0.0,7.4
18,Chester Rogers,WR,2018,0.0,0.0,0.0,16.5,14.6,15.5,8.0
19,Chris Conley,WR,2018,0.0,0.0,9.3,0.0,0.0,0.0,0.0
20,Chris Godwin,WR,2018,13.1,16.6,18.4,0.0,0.0,17.6,10.9
21,Chris Hogan,WR,2018,0.0,19.2,0.0,0.0,0.0,11.8,12.3
22,Christian Kirk,WR,2018,0.0,0.0,16.0,0.0,18.0,13.7,8.7
23,Cole Beasley,WR,2018,14.3,0.0,0.0,0.0,0.0,31.1,12.6
24,Cooper Kupp,WR,2018,17.8,12.3,16.8,37.2,21.0,0.0,0.0
25,Cordarrelle Patterson,WR,2018,0.0,0.0,0.0,15.5,0.0,0.0,0.0
26,Corey Davis,WR,2018,12.2,0.0,0.0,31.1,0.0,0.0,0.0
27,Courtland Sutton,WR,2018,0.0,0.0,0.0,0.0,9.8,0.0,9.8
28,Curtis Samuel,WR,2018,0.0,0.0,0.0,0.0,11.7,0.0,9.5
29,D.J. Moore,WR,2018,0.0,12.8,0.0,0.0,10.7,11.7,0.0
30,Damion Ratley,WR,2018,0.0,0.0,0.0,0.0,0.0,14.2,0.0
31,Danny Amendola,WR,2018,0.0,0.0,0.0,0.0,0.0,13.9,20.4
32,Dante Pettis,WR,2018,14.1,0.0,0.0,0.0,0.0,0.0,0.0
33,Davante Adams,WR,2018,19.8,20.4,18.2,16.1,29.0,35.2,0.0
34,David Moore,WR,2018,0.0,0.0,0.0,0.0,18.8,13.2,0.0
35,DeAndre Hopkins,WR,2018,15.1,23.0,14.6,32.9,24.1,17.3,14.0
36,DeSean Jackson,WR,2018,31.6,22.9,0.0,16.2,0.0,12.4,11.3
37,Dede Westbrook,WR,2018,10.1,17.7,0.0,23.1,0.0,12.8,0.0
38,Demaryius Thomas,WR,2018,18.3,0.0,11.3,0.0,21.5,14.7,9.2
39,Devin Funchess,WR,2018,0.0,14.7,16.7,0.0,9.3,18.4,18.2
40,Donte Moncrief,WR,2018,0.0,13.4,0.0,21.9,13.6,0.0,14.6
41,Doug Baldwin,WR,2018,0.0,0.0,0.0,0.0,0.0,15.1,0.0
42,Emmanuel Sanders,WR,2018,29.5,13.6,18.3,11.3,16.2,24.5,22.2
43,Equanimeous St. Brown,WR,2018,0.0,0.0,0.0,0.0,11.9,0.0,0.0
44,Geronimo Allison,WR,2018,17.9,12.4,15.6,14.0,0.0,0.0,0.0
45,Golden Tate,WR,2018,20.9,18.8,12.9,33.2,0.0,0.0,10.6
46,Jakeem Grant,WR,2018,8.8,0.0,21.0,0.0,0.0,0.0,0.0
47,Jamison Crowder,WR,2018,0.0,0.0,14.5,0.0,9.5,0.0,0.0
48,Jarius Wright,WR,2018,0.0,17.2,0.0,0.0,0.0,0.0,9.1
49,Jaron Brown,WR,2018,0.0,0.0,10.5,0.0,0.0,0.0,0.0
50,Jarvis Landry,WR,2018,17.6,11.9,18.3,13.4,11.9,0.0,25.7
51,Jermaine Kearse,WR,2018,0.0,0.0,0.0,0.0,0.0,18.4,0.0
52,John Brown,WR,2018,13.5,19.2,13.6,20.9,9.8,0.0,26.4
53,John Ross,WR,2018,0.0,0.0,0.0,13.2,0.0,0.0,0.0
54,Jordan Matthews,WR,2018,0.0,0.0,0.0,12.6,0.0,0.0,0.0
55,Jordy Nelson,WR,2018,0.0,0.0,29.3,15.8,14.3,0.0,0.0
56,Josh Gordon,WR,2018,8.7,0.0,0.0,0.0,13.0,0.0,14.0
57,JuJu Smith-Schuster,WR,2018,16.9,31.1,20.6,0.0,13.4,18.1,0.0
58,Julian Edelman,WR,2018,0.0,0.0,0.0,0.0,12.7,16.1,14.6
59,Julio Jones,WR,2018,28.0,11.4,14.6,26.3,11.2,24.3,0.0
60,Keelan Cole,WR,2018,0.0,24.6,9.0,0.0,11.0,0.0,0.0
61,Keenan Allen,WR,2018,24.8,12.7,0.0,13.3,17.5,14.3,12.2
62,Keke Coutee,WR,2018,0.0,0.0,0.0,21.7,17.3,0.0,0.0
63,Kelvin Benjamin,WR,2018,0.0,0.0,0.0,0.0,0.0,0.0,11.1
64,Kendrick Bourne,WR,2018,0.0,0.0,0.0,12.4,0.0,0.0,0.0
65,Kenny Golladay,WR,2018,18.4,20.9,17.3,11.4,19.8,0.0,0.0
66,Kenny Stills,WR,2018,26.6,0.0,15.1,0.0,0.0,0.0,7.5
67,Kevin White,WR,2018,0.0,0.0,0.0,0.0,0.0,0.0,8.4
68,Larry Fitzgerald,WR,2018,14.6,0.0,0.0,0.0,0.0,0.0,14.0
69,Marcus Johnson,WR,2018,0.0,0.0,0.0,0.0,0.0,13.2,0.0
70,Marquez Valdes-Scantling,WR,2018,0.0,0.0,0.0,0.0,19.8,13.3,0.0
71,Marquise Goodwin,WR,2018,0.0,0.0,11.8,0.0,0.0,29.1,0.0
72,Martavis Bryant,WR,2018,0.0,0.0,0.0,0.0,12.1,0.0,0.0
73,Marvin Jones,WR,2018,9.4,15.4,16.9,0.0,0.0,0.0,0.0
74,Michael Crabtree,WR,2018,12.8,10.6,13.1,0.0,12.6,21.3,11.6
75,Michael Gallup,WR,2018,0.0,0.0,0.0,0.0,0.0,0.0,17.1
76,Michael Thomas,WR,2018,40.0,32.9,22.9,0.0,11.4,0.0,19.9
77,Mike Evans,WR,2018,27.7,24.3,25.7,11.9,0.0,9.8,17.7
78,Mike Williams,WR,2018,13.1,10.7,24.1,0.0,0.0,0.0,12.8
79,Mohamed Sanu,WR,2018,0.0,0.0,13.6,17.1,17.3,12.6,0.0
80,Nelson Agholor,WR,2018,12.9,23.0,0.0,0.0,0.0,12.1,8.0
81,Odell Beckham Jr.,WR,2018,22.0,0.0,19.9,14.0,27.1,10.4,0.0
82,Paul Richardson,WR,2018,0.0,0.0,11.6,0.0,0.0,12.3,0.0
83,Phillip Dorsett,WR,2018,19.6,0.0,0.0,15.5,0.0,0.0,0.0
84,Pierre Garcon,WR,2018,0.0,0.0,0.0,0.0,9.7,0.0,0.0
85,Quincy Enunwa,WR,2018,18.3,16.2,9.7,10.6,0.0,0.0,0.0
86,Randall Cobb,WR,2018,29.2,0.0,0.0,0.0,0.0,0.0,0.0
87,Rashard Higgins,WR,2018,0.0,0.0,0.0,0.0,15.6,0.0,0.0
88,Robby Anderson,WR,2018,10.2,0.0,0.0,0.0,27.3,0.0,7.4
89,Robert Woods,WR,2018,0.0,14.1,33.7,21.1,19.5,19.1,13.4
90,Ryan Grant,WR,2018,13.9,0.0,12.5,11.4,11.8,0.0,0.0
91,Ryan Switzer,WR,2018,0.0,0.0,9.9,0.0,0.0,0.0,0.0
92,Sammy Watkins,WR,2018,0.0,19.1,18.5,0.0,13.8,0.0,11.4
93,Seth Roberts,WR,2018,0.0,13.3,0.0,0.0,0.0,0.0,0.0
94,Stefon Diggs,WR,2018,14.1,33.9,0.0,23.3,21.6,0.0,10.6
95,Sterling Shepard,WR,2018,9.8,0.0,20.0,23.7,11.5,0.0,0.0
96,T.Y. Hilton,WR,2018,15.6,21.3,10.0,15.5,0.0,0.0,18.5
97,Tajae Sharpe,WR,2018,0.0,0.0,0.0,10.7,0.0,0.0,17.1
98,Tavon Austin,WR,2018,0.0,17.4,11.0,0.0,0.0,0.0,0.0
99,Taylor Gabriel,WR,2018,0.0,0.0,9.4,30.4,0.0,16.9,0.0
100,Taywan Taylor,WR,2018,0.0,12.2,0.0,14.7,0.0,0.0,0.0
101,Ted Ginn Jr.,WR,2018,18.3,0.0,12.2,0.0,0.0,0.0,0.0
102,Terrelle Pryor,WR,2018,0.0,12.4,0.0,0.0,0.0,16.7,0.0
103,Torrey Smith,WR,2018,0.0,12.3,0.0,0.0,0.0,15.3,10.1
104,Tre'Quan Smith,WR,2018,0.0,0.0,0.0,0.0,26.1,0.0,7.4
105,Trent Taylor,WR,2018,0.0,0.0,0.0,0.0,19.1,0.0,0.0
106,Tyler Boyd,WR,2018,0.0,21.1,25.7,21.0,0.0,25.2,0.0
107,Tyler Lockett,WR,2018,14.9,17.0,18.2,10.3,19.4,11.0,0.0
108,Tyreek Hill,WR,2018,36.3,20.0,0.0,14.6,12.7,39.2,20.6
109,Tyrell Williams,WR,2018,8.8,0.0,0.0,0.0,9.6,26.9,21.8
110,Will Fuller,WR,2018,0.0,25.3,21.1,14.9,0.0,0.0,12.8
111,Willie Snead,WR,2018,14.9,0.0,0.0,11.6,10.5,13.0,0.0
112,Zach Pascal,WR,2018,0.0,0.0,0.0,17.6,0.0,9.3,0.0
113,Zay Jones,WR,2018,0.0,0.0,0.0,0.0,0.0,12.5,0.0
0,A.J. Derby,TE,2018,0.0,8.9,2.6,0.0,0.0,0.0,0.0
1,Alan Cross,TE,2018,0.0,0.0,0.0,0.0,0.0,0.0,1.6
2,Anthony Firkser,TE,2018,0.0,0.0,0.0,0.0,0.0,4.5,0.0
3,Antonio Gates,TE,2018,3.6,0.0,7.5,10.7,3.9,1.5,3.1
4,Antony Auclair,TE,2018,0.0,0.0,0.0,1.8,0.0,1.5,4.5
5,Austin Hooper,TE,2018,5.4,16.9,5.3,2.9,16.7,22.1,0.0
6,Austin Seferian-Jenkins,TE,2018,5.5,11.3,4.8,4.4,0.0,0.0,0.0
7,Ben Braunecker,TE,2018,0.0,0.0,0.0,0.0,0.0,0.0,0.0
8,Ben Watson,TE,2018,8.4,4.9,12.1,3.3,7.0,0.0,16.3
9,Blake Jarwin,TE,2018,0.0,0.0,0.0,0.0,2.1,0.0,2.6
10,C.J. Uzomah,TE,2018,0.0,7.5,9.9,1.6,6.3,11.4,9.3
11,Cameron Brate,TE,2018,0.0,0.0,12.4,11.9,0.0,8.5,5.3
12,Charles Clay,TE,2018,0.0,4.9,3.8,8.0,2.2,6.0,4.4
13,Chris Herndon,TE,2018,0.0,5.0,1.9,2.8,0.0,13.6,14.2
14,Chris Manhertz,TE,2018,0.0,0.0,0.0,0.0,0.0,1.2,0.0
15,Dallas Goedert,TE,2018,0.0,0.0,20.3,3.3,3.6,1.7,14.3
16,Dalton Schultz,TE,2018,0.0,0.0,0.0,0.0,0.0,0.0,2.2
17,Dan Arnold,TE,2018,0.0,0.0,0.0,0.0,0.0,0.0,5.5
18,Darren Fells,TE,2018,2.2,3.5,0.0,11.9,1.8,0.0,0.0
19,David Grinnage,TE,2018,0.0,0.0,0.0,0.0,0.0,1.7,3.7
20,David Morgan,TE,2018,1.9,3.9,0.0,0.0,0.0,0.0,0.0
21,David Njoku,TE,2018,4.3,6.0,5.6,10.2,12.9,18.5,15.2
22,Delanie Walker,TE,2018,9.2,0.0,0.0,0.0,0.0,0.0,0.0
23,Demetrius Harris,TE,2018,0.0,0.0,8.3,7.9,0.0,0.0,8.7
24,Derek Carrier,TE,2018,4.0,0.0,0.0,0.0,0.0,0.0,0.0
25,Dion Sims,TE,2018,2.9,0.0,0.0,0.0,0.0,0.0,0.0
26,Eric Ebron,TE,2018,15.1,11.6,8.3,15.0,31.5,17.0,6.1
27,Eric Saubert,TE,2018,0.0,0.0,0.0,0.0,1.8,0.0,0.0
28,Eric Tomlinson,TE,2018,0.0,3.4,2.4,0.0,3.5,0.0,0.5
29,Erik Swoope,TE,2018,2.3,0.0,0.0,0.0,13.4,7.2,8.7
30,Evan Engram,TE,2018,3.8,19.7,2.9,0.0,0.0,0.0,0.0
31,Garrett Celek,TE,2018,0.0,10.2,0.0,0.0,0.0,0.0,0.0
32,Geoff Swaim,TE,2018,4.8,0.0,9.7,12.9,8.5,4.1,5.5
33,George Kittle,TE,2018,14.0,4.2,12.9,24.5,13.3,7.0,20.8
34,Gerald Everett,TE,2018,0.0,2.7,0.0,2.3,5.4,4.4,0.5
35,Greg Olsen,TE,2018,5.3,0.0,0.0,0.0,0.0,8.8,8.5
36,Hakeem Valles,TE,2018,0.0,0.0,0.0,1.6,0.0,0.0,0.0
37,Hayden Hurst,TE,2018,0.0,0.0,0.0,0.0,1.7,0.0,0.0
38,Ian Thomas,TE,2018,2.4,3.0,5.0,0.0,6.8,0.0,0.0
39,Jack Doyle,TE,2018,13.0,4.0,0.0,0.0,0.0,0.0,0.0
40,Jacob Hollister,TE,2018,0.0,6.5,0.0,0.0,0.0,0.0,0.0
41,Jake Butt,TE,2018,4.9,8.8,2.8,0.0,0.0,0.0,0.0
42,James O'Shaughnessy,TE,2018,0.0,2.7,0.0,4.8,5.7,5.9,0.0
43,Jared Cook,TE,2018,27.0,8.9,8.1,31.0,6.0,3.0,0.0
44,Jason Croom,TE,2018,3.8,2.7,9.6,2.3,2.9,0.0,1.8
45,Jeff Heuerman,TE,2018,2.5,3.0,2.7,9.7,3.8,5.3,0.0
46,Jeremy Sprinkle,TE,2018,0.0,0.0,0.0,0.0,0.0,0.0,0.0
47,Jermaine Gresham,TE,2018,0.0,0.0,1.9,0.0,2.1,3.6,0.0
48,Jesse James,TE,2018,9.0,24.8,0.0,3.3,4.0,7.6,0.0
49,Jimmy Graham,TE,2018,2.8,15.5,9.5,11.1,13.6,15.4,0.0
50,Jonnu Smith,TE,2018,2.2,0.0,1.9,0.0,0.0,0.0,3.4
51,Jordan Akins,TE,2018,3.1,4.1,2.8,4.4,1.9,1.6,0.0
52,Jordan Leggett,TE,2018,0.0,0.0,0.0,10.3,2.0,0.0,0.0
53,Jordan Reed,TE,2018,14.8,11.5,10.5,0.0,3.1,8.6,6.3
54,Jordan Thomas,TE,2018,3.7,0.0,7.3,0.0,2.1,0.0,0.0
55,Josh Hill,TE,2018,2.5,0.0,2.7,9.3,10.4,0.0,0.0
56,Joshua Perkins,TE,2018,0.0,9.7,2.0,0.0,0.0,0.0,0.0
57,Kyle Rudolph,TE,2018,8.1,14.2,15.8,10.7,9.1,7.7,2.6
58,Lance Kendricks,TE,2018,2.3,0.0,0.0,0.0,8.8,5.7,0.0
59,Lee Smith,TE,2018,0.0,0.0,0.0,5.3,0.0,0.0,0.0
60,Levine Toilolo,TE,2018,0.0,0.0,0.0,3.2,0.0,0.0,0.0
61,Logan Paulsen,TE,2018,0.0,0.0,2.1,8.7,0.0,0.0,0.0
62,Logan Thomas,TE,2018,3.4,0.0,0.0,0.0,0.0,1.0,0.0
63,Luke Stocker,TE,2018,5.7,3.5,2.1,0.0,0.0,0.0,9.1
64,Luke Willson,TE,2018,0.0,0.0,3.0,0.0,0.0,0.0,2.8
65,Mark Andrews,TE,2018,6.1,10.7,7.9,3.2,2.6,4.0,7.8
66,Matt LaCosse,TE,2018,0.0,0.0,0.0,2.7,3.9,1.7,2.2
67,Matt Lengel,TE,2018,0.0,0.0,0.0,0.0,0.0,0.0,0.0
68,Maxx Williams,TE,2018,6.2,6.8,0.0,10.1,2.8,0.0,0.1
69,Michael Roberts,TE,2018,0.0,8.5,0.0,0.0,0.0,0.0,19.8
70,Mike Gesicki,TE,2018,2.1,0.0,6.1,1.9,5.6,2.1,7.4
71,Mo Alie-Cox,TE,2018,0.0,0.0,0.0,2.7,0.0,4.4,1.7
72,Neal Sterling,TE,2018,5.7,0.0,0.0,0.0,0.0,3.3,0.0
73,Nick Boyle,TE,2018,7.0,4.6,0.0,6.6,2.0,2.7,1.8
74,Nick O'Leary,TE,2018,0.0,0.0,0.0,0.0,0.0,14.9,4.3
75,Nick Vannett,TE,2018,2.1,5.3,6.7,1.6,7.3,0.0,0.0
76,Niles Paul,TE,2018,0.0,3.2,0.0,3.1,13.5,0.0,0.0
77,O.J. Howard,TE,2018,7.4,18.6,13.2,0.0,0.0,16.2,11.7
78,Orson Charles,TE,2018,0.0,0.0,0.0,0.0,0.0,1.8,0.0
79,Rhett Ellison,TE,2018,2.6,0.0,12.9,5.9,3.7,0.0,0.0
80,Ricky Seals-Jones,TE,2018,4.9,5.7,10.5,7.2,0.0,11.9,3.2
81,Rico Gathers,TE,2018,0.0,0.0,0.0,0.0,4.2,2.4,0.0
82,Rob Gronkowski,TE,2018,25.3,3.5,9.1,8.4,13.5,12.7,0.0
83,Ryan Griffin,TE,2018,0.0,2.9,6.4,2.2,12.5,0.0,0.0
84,Scott Simonson,TE,2018,0.0,0.0,0.0,1.7,0.0,3.4,0.0
85,Seth Devalve,TE,2018,0.0,0.0,0.0,0.0,3.6,0.0,0.0
86,Travis Kelce,TE,2018,0.0,29.9,19.4,20.8,15.0,11.1,14.5
87,Trey Burton,TE,2018,2.5,12.2,9.5,16.6,0.0,12.3,27.6
88,Tyler Eifert,TE,2018,7.4,4.3,13.4,13.8,0.0,0.0,0.0
89,Tyler Higbee,TE,2018,0.0,7.3,5.5,0.0,4.6,0.0,0.0
90,Tyler Kroft,TE,2018,1.9,3.1,2.6,0.0,0.0,0.0,0.0
91,Tyrone Swoopes,TE,2018,0.0,0.0,0.0,0.0,0.0,3.3,0.0
92,Vance McDonald,TE,2018,0.0,5.6,21.2,11.2,0.0,13.8,0.0
93,Vernon Davis,TE,2018,1.9,0.0,9.0,0.0,3.5,13.8,0.0
94,Virgil Green,TE,2018,4.1,8.5,0.0,2.9,8.3,0.0,0.0
95,Will Dissly,TE,2018,19.5,13.2,0.0,0.0,0.0,0.0,0.0
96,Xavier Grimble,TE,2018,0.0,0.0,0.0,0.0,1.9,5.5,0.0
97,Zach Ertz,TE,2018,9.8,20.4,12.3,21.2,27.0,17.3,22.8
0,Adam Vinatieri,K,2018,11.0,3.0,10.0,8.0,6.0,10.0,5.0
1,Aldrick Rosas,K,2018,9.0,7.0,9.0,4.0,11.0,7.0,0.0
2,Brandon McManus,K,2018,9.0,8.0,2.0,11.0,4.0,8.0,9.0
3,Brett Maher,K,2018,0.0,8.0,7.0,14.0,10.0,16.0,5.0
4,Cairo Santos,K,2018,0.0,0.0,0.0,0.0,9.0,11.0,0.0
5,Caleb Sturgis,K,2018,6.0,7.0,5.0,9.0,8.0,0.0,0.0
6,Chandler Catanzaro,K,2018,12.0,3.0,9.0,4.0,0.0,5.0,8.0
7,Chris Boswell,K,2018,3.0,3.0,6.0,6.0,5.0,8.0,0.0
8,Cody Parkey,K,2018,11.0,6.0,10.0,12.0,0.0,4.0,7.0
9,Dan Bailey,K,2018,0.0,0.0,0.0,11.0,11.0,9.0,13.0
10,Daniel Carlson,K,2018,6.0,3.0,0.0,0.0,0.0,0.0,0.0
11,Dustin Hopkins,K,2018,6.0,9.0,7.0,0.0,7.0,11.0,8.0
12,Graham Gano,K,2018,4.0,6.0,7.0,0.0,15.0,3.0,1.0
13,Greg Joseph,K,2018,0.0,0.0,7.0,8.0,6.0,6.0,3.0
14,Greg Zuerlein,K,2018,15.0,0.0,0.0,0.0,0.0,0.0,13.0
15,Harrison Butker,K,2018,8.0,6.0,8.0,9.0,12.0,16.0,9.0
16,Jake Elliott,K,2018,4.0,3.0,8.0,11.0,7.0,10.0,5.0
17,Jason Myers,K,2018,12.0,6.0,5.0,6.0,10.0,24.0,5.0
18,Jason Sanders,K,2018,9.0,2.0,4.0,1.0,5.0,11.0,3.0
19,Josh Lambo,K,2018,8.0,7.0,6.0,11.0,2.0,1.0,1.0
20,Justin Tucker,K,2018,11.0,5.0,9.0,14.0,9.0,3.0,5.0
21,Ka'imi Fairbairn,K,2018,8.0,5.0,10.0,13.0,13.0,8.0,8.0
22,Mason Crosby,K,2018,6.0,17.0,5.0,10.0,3.0,15.0,0.0
23,Matt Bryant,K,2018,6.0,7.0,3.0,12.0,5.0,10.0,0.0
24,Matt Prater,K,2018,5.0,9.0,14.0,6.0,7.0,0.0,14.0
25,Matthew McCrane,K,2018,0.0,0.0,0.0,13.0,4.0,3.0,0.0
26,Mike Badgley,K,2018,0.0,0.0,0.0,0.0,0.0,8.0,8.0
27,Mike Nugent,K,2018,7.0,7.0,8.0,0.0,0.0,0.0,0.0
28,Phil Dawson,K,2018,0.0,0.0,2.0,5.0,4.0,5.0,4.0
29,Randy Bullock,K,2018,10.0,10.0,3.0,7.0,9.0,3.0,4.0
30,Robbie Gould,K,2018,10.0,12.0,7.0,9.0,0.0,12.0,4.0
31,Ryan Succop,K,2018,8.0,8.0,9.0,8.0,12.0,0.0,7.0
32,Sam Ficken,K,2018,0.0,0.0,5.0,8.0,0.0,0.0,0.0
33,Sebastian Janikowski,K,2018,6.0,5.0,6.0,8.0,7.0,9.0,0.0
34,Stephen Gostkowski,K,2018,9.0,8.0,4.0,8.0,8.0,19.0,8.0
35,Steve Hauschka,K,2018,3.0,8.0,9.0,0.0,7.0,7.0,3.0
36,Wil Lutz,K,2018,6.0,7.0,13.0,15.0,7.0,0.0,6.0
37,Zane Gonzalez,K,2018,3.0,6.0,0.0,0.0,0.0,0.0,0.0
0,Arizona Cardinals,DST,2018,4.0,3.0,5.0,2.0,15.0,12.0,3.0
1,Atlanta Falcons,DST,2018,4.0,3.0,1.0,4.0,1.0,4.0,0.0
2,Baltimore Ravens,DST,2018,8.0,0.0,4.0,3.0,6.0,11.0,2.0
3,Buffalo Bills,DST,2018,3.0,2.0,7.0,4.0,5.0,10.0,2.0
4,Carolina Panthers,DST,2018,7.0,1.0,6.0,0.0,10.0,3.0,5.0
5,Chicago Bears,DST,2018,12.0,14.0,8.0,7.0,0.0,3.0,4.0
6,Cincinnati Bengals,DST,2018,10.0,7.0,1.0,3.0,18.0,0.0,3.0
7,Cleveland Browns,DST,2018,10.0,5.0,5.0,5.0,4.0,2.0,10.0
8,Dallas Cowboys,DST,2018,4.0,7.0,2.0,3.0,3.0,5.0,1.0
9,Denver Broncos,DST,2018,9.0,1.0,2.0,1.0,3.0,6.0,23.0
10,Detroit Lions,DST,2018,10.0,6.0,3.0,3.0,7.0,0.0,4.0
11,Green Bay Packers,DST,2018,5.0,3.0,1.0,10.0,3.0,5.0,0.0
12,Houston Texans,DST,2018,5.0,1.0,4.0,12.0,4.0,11.0,7.0
13,Indianapolis Colts,DST,2018,4.0,4.0,7.0,8.0,2.0,4.0,7.0
14,Jacksonville Jaguars,DST,2018,10.0,3.0,3.0,5.0,3.0,3.0,1.0
15,Kansas City Chiefs,DST,2018,9.0,1.0,4.0,5.0,16.0,3.0,9.0
16,Los Angeles Chargers,DST,2018,1.0,7.0,4.0,3.0,5.0,7.0,3.0
17,Los Angeles Rams,DST,2018,10.0,2.0,10.0,5.0,2.0,3.0,13.0
18,Miami Dolphins,DST,2018,9.0,6.0,5.0,2.0,9.0,5.0,1.0
19,Minnesota Vikings,DST,2018,13.0,4.0,3.0,1.0,11.0,6.0,7.0
20,New England Patriots,DST,2018,5.0,2.0,2.0,4.0,4.0,2.0,10.0
21,New Orleans Saints,DST,2018,0.0,4.0,3.0,5.0,5.0,0.0,1.0
22,New York Giants,DST,2018,2.0,0.0,5.0,1.0,3.0,1.0,0.0
23,New York Jets,DST,2018,17.0,6.0,4.0,5.0,5.0,10.0,1.0
24,Oakland Raiders,DST,2018,1.0,2.0,1.0,12.0,1.0,2.0,0.0
25,Philadelphia Eagles,DST,2018,5.0,4.0,2.0,4.0,2.0,5.0,2.0
26,Pittsburgh Steelers,DST,2018,8.0,4.0,13.0,3.0,13.0,3.0,0.0
27,San Francisco 49ers,DST,2018,4.0,3.0,2.0,8.0,1.0,3.0,2.0
28,Seattle Seahawks,DST,2018,4.0,4.0,8.0,2.0,3.0,8.0,0.0
29,Tampa Bay Buccaneers,DST,2018,9.0,5.0,4.0,1.0,0.0,1.0,6.0
30,Tennessee Titans,DST,2018,9.0,5.0,4.0,5.0,2.0,1.0,2.0
31,Washington Redskins,DST,2018,4.0,3.0,5.0,0.0,3.0,4.0,12.0
